id,evid,time,dur,dose,addl,ii,input,out,outeq,c0,c1,c2,c3,scr,age,height,weight,sex_m
2,1,0,1,100,.,.,1,.,.,.,.,.,.,0.289999992,0.831409233,61,7.079999924,0
2,1,5.783333333,1,100,.,.,1,.,.,.,.,.,.,0.289999992,0.832068979,61,7.079999924,0
2,0,12.366666663,.,.,.,.,.,6.300000191,1,.,.,.,.,0.289999992,0.832819986,61,7.079999924,0
2,1,12.450000003,1,100,.,.,1,.,.,.,.,.,.,0.289999992,0.832829493,61,7.079999924,0
2,1,18.366666663,1,100,.,.,1,.,.,.,.,.,.,0.289999992,0.833504449,61,7.079999924,0
2,1,24.166666663,1,100,.,.,1,.,.,.,.,.,.,0.289999992,0.834166096,61,7.079999924,0
2,1,29.550000003,1,140,.,.,1,.,.,.,.,.,.,0.289999992,0.834780211,61,7.079999924,0
2,1,35.816666663,1,140,.,.,1,.,.,.,.,.,.,0.289999992,0.835495095,61,7.079999924,0
