parameter,mu,omega_diag,sd,cv_percent
ke,0.13419500649642088,0.6901460272222426,0.8307502797003697,99.69988421469321
v,103.22324733965847,0.042372035474127046,0.20584468774813464,20.80445737703796
