parameter,mu,omega_diag,sd,cv_percent
ke,0.134195006496416,0.6901460272222435,0.8307502797003703,99.6998842146933
v,103.22324733975492,0.04237203547414481,0.20584468774817777,20.804457377042386
