particles,grid_peak,true_ske,bias
20,0.085333,0.08,0.005333
50,0.054083,0.08,-0.025917
100,0.064500,0.08,-0.015500
200,0.054083,0.08,-0.025917
500,0.064500,0.08,-0.015500
1000,0.064500,0.08,-0.015500
2000,0.064500,0.08,-0.015500
