particles,ske_opt,re_eval_ll,converged,iters
50,0.069720,-97.8099,false,40
100,0.046606,-97.8806,false,40
200,0.055937,-97.7475,false,40
500,0.060531,-97.5558,false,40
